Neighbourhood,Dominant Segments,Notable Communities,Spending Profile,Age Life Stage Skew,Student University Proximity,Day Night Pattern,Dietary Considerations,Product Recommendations,Summary,Confidence
Soho,"Office workers, tourists, LGBTQ+ community","Chinese (moderate - historic Chinatown, mainly commercial not residential)",Mixed - budget to premium,"20s-40s, high transient/tourist mix","Moderate (UAL, London College of Fashion nearby)",Very high daytime office/tourist footfall; extremely high nightlife,None single dominant; broad international demand,Chinese ingredients & snacks; late-night grab-and-go; premium coffee; LGBTQ+-friendly venue supplies,"Central, high-footfall area mixing office workers, tourists and nightlife crowds, with London's historic (though now mainly commercial) Chinatown at its centre.",High
Covent Garden,"Tourists, theatre-goers, office workers",No single dominant residential community - mostly commercial/tourist,Premium / tourist-driven,"Mixed, skewed toward visitors not residents","Moderate (LSE, Holborn overlap)",Daytime tourist-heavy; evening theatre crowd,None single dominant,Premium grab-and-go; pre-theatre snacks; international tourist-friendly items; premium coffee,A tourist and theatre hub with very little residential population - demand is driven by visitor footfall and pre/post-show dining rather than local household needs.,Medium-High
Marylebone,"Affluent professionals, families","Middle Eastern/Arab (moderate, adjacent to Edgware Road corridor)",Premium,"30s-50s, professional and family",Moderate (Regent's University nearby),Daytime retail/office heavy; quieter evenings,Halal demand from nearby Arab community,Premium deli; halal options; artisan bakery; gourmet ready meals,"An affluent, village-like central area with strong premium grocery demand and a notable halal/Middle Eastern food market due to its proximity to Edgware Road.",Medium
Fitzrovia,"UCL students, media/creative professionals",Highly international student population (UCL draws students from 150+ countries),Mixed - student budget to professional premium,20s-30s,Very high - immediately adjacent to UCL,Daytime office/student heavy; moderate evening dining,Strong vegan/vegetarian demand typical of young urban population,Student-budget essentials; international/Asian ingredients; vegan options; quick meal solutions,"Sits on UCL's doorstep with an unusually international student population, alongside media and creative professionals - strong demand for both budget essentials and diverse international ingredients.",High
Mayfair,"Ultra-high-net-worth residents, international elite","International UHNW community - notably Middle Eastern, American and Indian buyers",Ultra-premium,"Mixed, skewed older and wealthy",Low,Daytime business/retail; exclusive evening dining,Halal and kosher niche demand from international residents,Ultra-premium/gourmet goods; halal luxury options; imported specialty items; premium wine & spirits,"One of London's wealthiest and most internationally-flavoured postcodes, with residents drawn from global UHNW communities expecting the highest tier of gourmet and specialty products.",High
Westminster,"Government/political professionals, tourists, residential elite",International diplomatic community,Premium / mixed,30s-50s professional,Moderate (University of Westminster nearby),Daytime office-heavy; quiet evenings and weekends,None single dominant,Premium grab-and-go; business lunch options; quality coffee,"Dominated by government, political and diplomatic activity - weekday daytime demand is strong, but the area empties out in evenings and weekends.",Medium-High
St James's,"UHNW residents, private members' clubs, business elite","International elite, similar profile to Mayfair",Ultra-premium,"Older, wealthy",Low,Daytime business; exclusive evening dining,None single dominant beyond luxury/gourmet,Ultra-premium gourmet; fine wine & spirits; luxury gifting items,"A small, extremely wealthy enclave built around private clubs and historic institutions - very low volume but very high value per order.",Medium-High
Holborn,"LSE students, legal professionals",Highly international student population (LSE),Mixed - student budget to professional premium,20s-40s,Very high - LSE campus is here,Daytime office/student heavy; quieter evenings,Vegan-friendly; moderate halal demand,Student-budget essentials; quick lunch options; international ingredients,"Anchored by LSE and the legal profession, with a highly international student body driving demand for both budget essentials and diverse cuisines.",High
Clerkenwell,"Design, architecture and tech professionals",No single dominant ethnic community,Premium,"25-40, professional",Low,Daytime office-heavy; moderate evening dining/drinks,None single dominant,Premium coffee; artisan deli items; healthy grab-and-go; craft beer & wine,"A creative-industry and design hub of converted warehouses - demand skews toward premium, healthy, and craft-oriented products for a professional daytime crowd.",High
Shoreditch,Tech and creative young professionals,No single dominant ethnic community - broadly diverse,Mixed - premium to budget,20s-30s,Low-moderate,Daytime office/creative; very high nightlife,Strong vegan/plant-based demand,Vegan/plant-based options; craft beer; late-night snacking; premium coffee,"London's best-known tech/startup and nightlife hub - young professional demand by day, and one of the busiest late-night food and drink scenes in the city.",High
Hackney,"Young professionals, mixed families","Turkish/Kurdish (strong), Caribbean/African (moderate-strong), Charedi Orthodox Jewish (strong, concentrated in Stamford Hill)",Mixed,Wide mix,Low-moderate,"Residential, steady demand day and night",Halal (Turkish/Muslim communities); kosher (Stamford Hill Jewish community),Turkish/Middle Eastern ingredients; halal options; kosher options; Caribbean/African ingredients; vegan,"One of London's most ethnically diverse boroughs, with Turkish is the second most common first language after English, plus a large and long-established Caribbean/African community and one of Europe's largest Charedi Jewish communities in Stamford Hill.",High
Bethnal Green,"Young creative professionals, some family residents","Bangladeshi (moderate, borders Tower Hamlets/Brick Lane)",Mixed - budget to mid-range,20s-30s,Low-moderate,Residential and creative daytime; active evenings,Moderate halal demand,Halal options; South Asian ingredients; budget-friendly essentials; vegan,"A young, creative East London area bordering the Bangladeshi community around Brick Lane, with a mix of budget-conscious residents and gentrifying newcomers.",Medium
Dalston,Young creative and tech professionals,"Turkish/Kurdish (strong, along Green Lanes/Kingsland corridor), Caribbean/African (moderate, historic)",Mixed,20s-30s,Low,Casual daytime; very high nightlife,Moderate halal demand,Turkish/Middle Eastern ingredients; halal options; craft beer; late-night snacking,"A nightlife-heavy, creatively-gentrified area still anchored by one of London's largest Turkish and Kurdish communities.",High
Hoxton,Young creative and tech professionals,No single dominant community; some Turkish presence nearby,Mixed - premium leaning,20s-30s,Low,Daytime creative/office; high nightlife,Vegan-friendly,Vegan/plant-based; craft beer; premium coffee; late-night snacking,"Adjoining Shoreditch with a similar young, creative, nightlife-driven profile.",Medium-High
Stratford,"Diverse young families, students, shoppers (Westfield)","South Asian - Pakistani/Bangladeshi (moderate-strong, part of Newham), Black African (moderate)",Budget to mixed,"Young, family-heavy","High (UCL East, University of East London)",Very high daytime retail/commuter footfall; moderate evenings,Strong halal demand given South Asian Muslim population,Halal options; South Asian ingredients; budget family essentials; quick meals,"A major transport and retail hub in diverse Newham, with a large South Asian Muslim population driving strong halal demand alongside student and family shoppers.",High
Walthamstow,"Young families, diverse working/middle class","Pakistani (strong, ~10% of population - well above London average)",Mixed - budget to mid-range,"Family-heavy, young",Low,"Residential, steady demand",Strong halal demand,Halal options; South Asian ingredients; family value packs; vegan,"One of London's most diverse areas, with a Pakistani population well above the London average, alongside a growing young family population drawn from nearby Hackney/Dalston.",High
Islington,"Affluent professional families, media/political professionals",No single dominant ethnic community,Premium,"30s-50s, family",Low-moderate,"Residential, steady; active evening dining scene",None single dominant beyond premium/organic demand,Premium/organic goods; artisan bakery; family meal solutions; quality wine,"An affluent, professional family area with strong demand for premium and organic grocery products.",High
Camden,"Creative/media professionals, tourists, students",No single dominant community; historic Irish population,Mixed,"Wide mix, skewed younger","Moderate (UCL, SOAS nearby)",High daytime tourist/market footfall; active nightlife around music venues,"Strong vegan/vegetarian demand, tied to market food culture",Vegan/street-food style snacks; international street-food ingredients; craft beer; late-night snacking,"Famous for its market and music venue scene, drawing a mix of tourists, students and creatives with strong demand for vegan and street-food-style products.",Medium-High
Kentish Town,Young professional families,No single dominant community,Mid-range,25-40,Low-moderate,"Residential, steady",None single dominant,Family value essentials; quick weeknight meals; vegan options,"A more affordable alternative to neighbouring Camden and Islington, popular with young professional families.",Medium
Stoke Newington,"Young families, creative professionals","Turkish/Kurdish (strong), Caribbean (moderate), Orthodox Jewish (strong, adjacent Stamford Hill)",Mid to premium,"Family-heavy, 30s-40s",Low,"Residential, steady",Halal (Turkish community); kosher (Stamford Hill adjacency); vegan-friendly,Turkish/Middle Eastern ingredients; halal options; kosher options; organic/artisan goods,"A family-oriented, gentrified area with deep-rooted Turkish, Caribbean and Jewish communities alongside newer, higher-income arrivals.",High
Finsbury Park,"Diverse young renters, families","Mixed diverse community, historically Irish, Turkish and North African",Budget to mid-range,20s-30s,Low-moderate,Residential with a busy transport-hub daytime bustle,Moderate halal demand,Halal options; budget essentials; diverse international ingredients; vegan,"A busy transport hub area with a longstanding, ethnically mixed population and strong demand for affordable, diverse groceries.",Medium
Crouch End,"Affluent families, media professionals",No single dominant community,Premium,"Family-heavy, 35-50",Low,"Residential, quiet village feel",None single dominant beyond premium/organic demand,Premium/organic goods; family meal kits; artisan bakery; quality wine,"A leafy, village-like area popular with affluent media professional families.",Medium-High
Hampstead,"Ultra-affluent families, some historic Jewish community","Jewish (moderate, historic - stronger in adjacent Golders Green)",Ultra-premium,Family and older wealthy residents,Low,"Residential village feel, quiet",Moderate kosher demand; strong premium/organic demand,Ultra-premium/organic goods; kosher options; artisan bakery; gourmet ready meals,"One of London's wealthiest residential villages, combining old money, professional families and a notable Jewish community presence.",High
Brixton,"Historic Afro-Caribbean community, increasingly gentrifying young professionals","Afro-Caribbean (strong, historic Windrush-generation community, though diluting with gentrification)",Mixed - budget to premium (sharp gentrification split),Wide mix,Low-moderate,High daytime market bustle; very active nightlife,None single religious dominant; strong Caribbean/African cuisine demand,Caribbean & African ingredients; moderate halal; vegan/plant-based (gentrification-driven demand); craft beer,"The historic heart of Black British Caribbean culture in London, now navigating rapid gentrification that has brought a new wave of young professionals alongside the long-established community.",High
Peckham,"Nigerian/West African community (""Little Lagos""), gentrifying creative young professionals",Nigerian/West African (strong - one of the largest overseas Nigerian communities in the UK),"Mixed - budget to mid-range, with pockets of gentrifying premium",Wide mix,Moderate (UAL Camberwell nearby),High daytime market bustle on Rye Lane; active gentrified nightlife,Halal (moderate); strong West African cuisine ingredient demand,"West African ingredients (jollof rice staples, plantain, egusi); halal options; vegan/plant-based; craft beer","Known as ""Little Lagos,"" home to one of the UK's largest Nigerian communities, with strong demand for West African cooking staples alongside a growing gentrified creative-professional crowd.",High
Herne Hill,Affluent young families,No single dominant community,Premium,"Family-heavy, 30-45",Low,"Residential, village feel",None single dominant beyond premium/organic demand,Premium/organic goods; family meal kits; artisan bakery,"A quiet, affluent family area popular for its village-like high street and green space.",Medium
Camberwell,"Art students (Camberwell College of Arts, UAL), mixed diverse residents","African/Caribbean (moderate, influenced by neighbouring Peckham/Brixton)",Budget to mixed,"20s-30s student-heavy, plus families",High (UAL Camberwell College of Arts),Residential and student daytime; moderate evenings,Moderate halal demand; vegan-friendly (art student population),Student-budget essentials; African/Caribbean ingredients; vegan/plant-based; halal,"An art-school neighbourhood bordering Peckham and Brixton, mixing a budget-conscious student population with established African/Caribbean communities.",Medium-High
Crystal Palace,"Diverse young professionals and families, up-and-coming area","Diverse mix, no single dominant community",Mid-range,25-40,Low,"Residential, with an active local high street in the evenings",Moderate vegan-friendly demand,Budget-to-mid family essentials; vegan options; craft beer; diverse international ingredients,"An increasingly popular, ethnically diverse area attracting young professionals and families priced out of central London.",Medium
Tooting,"South Asian families, young professional overspill from Clapham/Balham","Sri Lankan Tamil (strong - one of London's largest concentrations), Indian/Pakistani (moderate)",Budget to mid-range,"Family-heavy, plus young professional mix",Low-moderate,"Residential, with a bustling high street and Tooting Market",Strong halal demand; strong vegetarian demand (South Asian population),Sri Lankan/South Asian ingredients; halal options; vegetarian staples; budget family essentials,"Home to one of London's largest Sri Lankan Tamil communities alongside broader South Asian populations, driving strong demand for South Asian ingredients, halal and vegetarian staples.",High
Battersea,"Young professionals, families (driven by new-build riverside developments)",No single dominant community,Premium (especially new-build developments),25-40,Low,Residential; active riverside evening dining,None single dominant,Premium ready meals; family essentials; quality wine; healthy grab-and-go,Transformed by large riverside redevelopment (including the old Battersea Power Station site) into a premium young-professional and family area.,Medium-High
Notting Hill,"Affluent creatives, international wealthy residents","Caribbean heritage (moderate, historic - birthplace of Notting Hill Carnival)",Premium,"Mixed, family and creative professional",Low,Daytime retail (Portobello Market); upscale evening dining,None single dominant beyond premium demand,Premium/organic goods; Caribbean specialty items; gourmet deli; quality wine,"Now one of London's most affluent areas, but with deep Caribbean cultural roots as the birthplace of the Notting Hill Carnival.",High
Chiswick,Affluent families,No single dominant community confirmed; some international professional presence,Premium,"Family-heavy, 35-50",Low,Residential village high street; family-oriented daytime,None single dominant beyond premium/organic demand,Premium/organic goods; family meal kits; artisan bakery; quality wine,"A tree-lined, family-friendly West London suburb known for its village-like high street and strong school catchments.",Medium-High
Fulham,"Young affluent professionals, families",No single dominant community confirmed,Premium,"25-40 professional, transitioning to family",Low,Residential and high-street daytime; active pub/bar evenings,None single dominant,Premium ready meals; healthy grab-and-go; family essentials; quality wine & craft beer,"A popular West London area for young professionals transitioning into family life, with a strong pub and casual dining culture.",Medium-High
Kensington,"Affluent families, international elite",International wealthy residents - notably Middle Eastern and European,Ultra-premium,Family and older wealthy residents,Moderate (Imperial College London nearby),Residential and museum/retail daytime; quiet upscale evenings,Moderate halal demand given Middle Eastern presence,Ultra-premium/organic goods; halal luxury options; gourmet deli; imported specialty goods,"One of London's wealthiest and most internationally diverse residential areas, with royal and museum landmarks and a strong Middle Eastern and European resident base.",High
Chelsea,"Ultra-affluent families, creative and fashion professionals","International wealthy residents, notably American buyers",Ultra-premium,"Family and older wealthy, plus some young creative professionals",Low,Residential and King's Road retail daytime; upscale evening dining,None single dominant beyond premium/gourmet demand,Ultra-premium/organic goods; gourmet deli; quality wine; artisan bakery,"A historically fashionable, ultra-affluent riverside area popular with international buyers, particularly Americans, and long associated with creative and fashion industries.",High
